experiment,epoch,train_loss,val_loss,val_acc,val_f1,time_epoch
gru_uni_attn,1,0.9424546393390479,0.8701329330603281,0.6682389937106918,0.6618237562813081,58.24070501327515
gru_uni_attn,2,0.6911827747293097,0.7499044597148895,0.7793501048218029,0.7802356033195975,57.54689049720764
gru_uni_attn,3,0.41304739006643015,0.6983960275848706,0.7625786163522013,0.7754444905449579,75.2606406211853
gru_uni_attn,4,0.21413320707445613,0.991622727115949,0.7840670859538784,0.7841798996893604,68.23228931427002
gru_uni_attn,5,0.13270181131833642,0.9557410170634587,0.7410901467505241,0.7505574223022755,58.45403456687927
gru_uni_attn,6,0.07978338563900488,1.1491232027610143,0.7206498951781971,0.7321419489151574,56.19896459579468
gru_uni_attn,7,0.04540928953098792,1.3767798880736033,0.7651991614255765,0.7684613996089363,56.479376792907715
