experiment,epoch,train_loss,val_loss,val_acc,val_f1,time_epoch
lstm_bi_attn,1,0.9428391815728223,0.8926460822423299,0.6305031446540881,0.6458596747516465,101.2275881767273
lstm_bi_attn,2,0.7819025596315392,0.7691469351450603,0.7416142557651991,0.7527791556134875,98.61478161811829
lstm_bi_attn,3,0.5195066304137018,0.7579980795582135,0.7861635220125787,0.7867131048460198,98.49674773216248
lstm_bi_attn,4,0.2924880216903517,0.869508010149002,0.7935010482180294,0.7940600066863548,94.51045083999634
lstm_bi_attn,5,0.15661341420308567,0.9864811663826306,0.7520964360587002,0.7601718588351758,105.68475914001465
lstm_bi_attn,6,0.09601978719951468,1.3833587537209193,0.7610062893081762,0.7655410185602024,94.27077913284302
lstm_bi_attn,7,0.05151574915815895,1.8591289937496185,0.7751572327044025,0.7761867986361803,99.95663976669312
