experiment,epoch,train_loss,val_loss,val_acc,val_f1,time_epoch
lstm_uni_attn,1,0.9534914939972148,0.8823883076508839,0.6761006289308176,0.6777346944573184,68.43645691871643
lstm_uni_attn,2,0.7485828025570475,0.7487220495939255,0.7342767295597484,0.7456684313446225,64.57954931259155
lstm_uni_attn,3,0.49422473669301514,0.7149540675183137,0.7615303983228512,0.7731526902556527,46.585548400878906
lstm_uni_attn,4,0.3072968423990026,0.7839891860882441,0.7688679245283019,0.7773772908184902,47.9957492351532
lstm_uni_attn,5,0.18462292644269296,0.9473997031648954,0.7762054507337526,0.779713272063383,54.70751643180847
lstm_uni_attn,6,0.10658240956780364,1.1571064000328382,0.7872117400419287,0.7899438594970237,46.49282884597778
lstm_uni_attn,7,0.06361527908320644,1.3501897409558297,0.7583857442348009,0.7658386806231207,48.13171124458313
