experiment,epoch,train_loss,val_loss,val_acc,val_f1,time_epoch
lstm_bi_noattn,1,0.9411903056140724,0.871503938237826,0.6682389937106918,0.6696200703888374,134.43477988243103
lstm_bi_noattn,2,0.7831288895347627,0.8361414661010106,0.659853249475891,0.6735267390340564,130.8208737373352
lstm_bi_noattn,3,0.6232782412148918,0.8567662348349889,0.75,0.7505567632288415,130.34741878509521
lstm_bi_noattn,4,0.40053371555136835,0.8997923428813617,0.6970649895178197,0.7182114459861926,129.75646567344666
lstm_bi_noattn,5,0.24165897144620388,0.9286325357854366,0.7405660377358491,0.747643448818686,130.29952216148376
lstm_bi_noattn,6,0.12059352511859589,0.996535824984312,0.7568134171907757,0.7671351634545397,129.72881412506104
