experiment,best_val_loss,best_val_f1
lstm_bi_attn,0.7489862705270449,0.7997565473204781
lstm_bi_attn,0.7579980795582135,0.7867131048460198
lstm_bi_attn,0.6623033558328947,0.7811191124236656
gru_uni_attn,0.6983960275848706,0.7754444905449579
lstm_uni_attn,0.7149540675183137,0.7731526902556527
lstm_bi_attn,0.707998788356781,0.7464013180680708
gru_uni_attn,0.6814961070815723,0.732117960549053
lstm_bi_noattn,0.8361414661010106,0.6735267390340564
